<Configuration ID="f8e7abbd-1c04-4beb-a37e-42b55e1134d6">
  <Add OfficeClientEdition="64" Channel="Current" MigrateArch="TRUE">
    <Product ID="O365ProPlusRetail">
      <Language ID="en-us" />
      <Language ID="ar-sa" />
      <Language ID="MatchPreviousMSI" />
      <ExcludeApp ID="Groove" />
      <ExcludeApp ID="Lync" />
    </Product>
    <Product ID="VisioProRetail">
      <Language ID="en-us" />
      <Language ID="ar-sa" />
      <Language ID="MatchPreviousMSI" />
      <ExcludeApp ID="Groove" />
      <ExcludeApp ID="Lync" />
    </Product>
    <Product ID="ProofingTools">
      <Language ID="ar-sa" />
    </Product>
  </Add>
  <Property Name="SharedComputerLicensing" Value="0" />
  <Property Name="FORCEAPPSHUTDOWN" Value="TRUE" />
  <Property Name="DeviceBasedLicensing" Value="0" />
  <Property Name="SCLCacheOverride" Value="0" />
  <Updates Enabled="TRUE" />
  <RemoveMSI />
  <Display Level="Full" AcceptEULA="TRUE" />
</Configuration>